{"cameraMode":{"drawMode":0,"name":"Shaded","section":"Shading Mode"},"sceneLighting":false,"audioPlay":false,"sceneViewState":{"m_AlwaysRefresh":false,"showFog":true,"showSkybox":true,"showFlares":true,"showImageEffects":true,"showParticleSystems":true,"showVisualEffectGraphs":true,"m_FxEnabled":true},"in2DMode":false,"pivot":{"x":5.245744705200195,"y":4.252658843994141,"z":-2.1955833435058595},"rotation":{"x":-0.30422598123550417,"y":0.13348299264907838,"z":-0.043087322264909747,"w":-0.9422299861907959},"size":32.79819869995117,"orthographic":false}