{"cameraMode":{"drawMode":0,"name":"Shaded","section":"Shading Mode"},"sceneLighting":false,"audioPlay":false,"sceneViewState":{"m_AlwaysRefresh":false,"showFog":true,"showSkybox":true,"showFlares":true,"showImageEffects":true,"showParticleSystems":true,"showVisualEffectGraphs":true,"m_FxEnabled":true},"in2DMode":false,"pivot":{"x":15.877043724060059,"y":12.681785583496094,"z":-3.0167415142059328},"rotation":{"x":0.16957348585128785,"y":0.004434891510754824,"z":-0.0007628265884704888,"w":0.9855070114135742},"size":23.631404876708986,"orthographic":false}