{"cameraMode":{"drawMode":0,"name":"Shaded","section":"Shading Mode"},"sceneLighting":false,"audioPlay":false,"sceneViewState":{"m_AlwaysRefresh":false,"showFog":true,"showSkybox":true,"showFlares":true,"showImageEffects":true,"showParticleSystems":true,"showVisualEffectGraphs":true,"m_FxEnabled":true},"in2DMode":false,"pivot":{"x":7.797225475311279,"y":10.133136749267579,"z":-4.170827865600586},"rotation":{"x":0.2932339608669281,"y":0.04157119244337082,"z":-0.012763521634042263,"w":0.9550504088401794},"size":16.572423934936525,"orthographic":false}