{"cameraMode":{"drawMode":0,"name":"Shaded","section":"Shading Mode"},"sceneLighting":false,"audioPlay":false,"sceneViewState":{"m_AlwaysRefresh":false,"showFog":true,"showSkybox":true,"showFlares":true,"showImageEffects":true,"showParticleSystems":true,"showVisualEffectGraphs":true,"m_FxEnabled":true},"in2DMode":false,"pivot":{"x":1.901502013206482,"y":9.060613632202149,"z":1.5146340131759644},"rotation":{"x":0.3049587607383728,"y":-0.00428551621735096,"z":0.001372573897242546,"w":0.9523534774780273},"size":27.774356842041017,"orthographic":false}