{"cameraMode":{"drawMode":0,"name":"Shaded","section":"Shading Mode"},"sceneLighting":false,"audioPlay":false,"sceneViewState":{"m_AlwaysRefresh":false,"showFog":true,"showSkybox":true,"showFlares":true,"showImageEffects":true,"showParticleSystems":true,"showVisualEffectGraphs":true,"m_FxEnabled":true},"in2DMode":false,"pivot":{"x":-13.70245361328125,"y":-0.21033477783203126,"z":3.1693649291992189},"rotation":{"x":-0.3324917256832123,"y":0.12933233380317689,"z":-0.046074025332927707,"w":-0.9330745339393616},"size":30.418031692504884,"orthographic":false}