{"cameraMode":{"drawMode":0,"name":"Shaded","section":"Shading Mode"},"sceneLighting":false,"audioPlay":false,"sceneViewState":{"m_AlwaysRefresh":false,"showFog":true,"showSkybox":true,"showFlares":true,"showImageEffects":true,"showParticleSystems":true,"showVisualEffectGraphs":true,"m_FxEnabled":true},"in2DMode":false,"pivot":{"x":14.130000114440918,"y":9.359999656677246,"z":2.922618865966797},"rotation":{"x":-0.26233720779418948,"y":0.05037366598844528,"z":-0.013702149502933026,"w":-0.9635767340660095},"size":32.79819869995117,"orthographic":false}