{"cameraMode":{"drawMode":0,"name":"Shaded","section":"Shading Mode"},"sceneLighting":false,"audioPlay":false,"sceneViewState":{"m_AlwaysRefresh":false,"showFog":true,"showSkybox":true,"showFlares":true,"showImageEffects":true,"showParticleSystems":true,"showVisualEffectGraphs":true,"m_FxEnabled":true},"in2DMode":false,"pivot":{"x":1.0273900032043458,"y":-0.9650650024414063,"z":3.412853240966797},"rotation":{"x":-0.3013038635253906,"y":0.038348305970430377,"z":-0.012116040103137493,"w":-0.9526962041854858},"size":27.10927963256836,"orthographic":false}