{"cameraMode":{"drawMode":0,"name":"Shaded","section":"Shading Mode"},"sceneLighting":false,"audioPlay":false,"sceneViewState":{"m_AlwaysRefresh":false,"showFog":true,"showSkybox":true,"showFlares":true,"showImageEffects":true,"showParticleSystems":true,"showVisualEffectGraphs":true,"m_FxEnabled":true},"in2DMode":false,"pivot":{"x":12.527257919311524,"y":8.347660064697266,"z":2.1182479858398439},"rotation":{"x":-0.27075570821762087,"y":0.0646597295999527,"z":-0.018218213692307473,"w":-0.9603146314620972},"size":32.79819869995117,"orthographic":false}